ComID,Committee,cat1,cat2,totspend,gave to pacs,received from pacs80024,Alliance for a Better Minnesota Action Fund,pac,prodfl,7166803.82,TRUE,TRUE30625,WIN Minnesota Political Action Fund,pac,prodfl,5697488.3,TRUE,TRUE99999,2010/2012 Funds,pac,prodfl,3942468.87,TRUE,TRUE30558,Education Minn PAC,pac,labor,3934330.44,TRUE,TRUE40742,Freedom Club State PAC,pac,prorpm,2670407.37,FALSE,FALSE40989,Minnesota's Future,pac,prorpm,2575655.13,TRUE,TRUE30204,AFSCME,pac,labor,2317688,FALSE,TRUE30037,SEIU Minn State Council Political Fund,pac,labor,2242378.62,TRUE,TRUE40712,Laborers District Council of Minn & ND Pol Fund,pac,labor,1825250,TRUE,TRUE30593,AFSCME Minn PEOPLE Committee Council 5 PAC,pac,labor,1514590.52,TRUE,TRUE40550,Shakopee Mdewakanton Sioux,pac,indian,1464957,FALSE,TRUE41035,MN FORWARD,pac,prorpm,1413096.34,TRUE,FALSE41051,Minnesota Future LLC,pac,prorpm,1346396.63,TRUE,TRUE40815,DRIVE- Democrat Republican Ind. Voter Edu.,pac,labor,1122688.6,FALSE,TRUE30348,Mah Mah Wi No Min Fund I,pac,indian,917062.28,FALSE,TRUE70007,Coalition of MN Businesses PAC,pac,biz,888732.36,TRUE,TRUE30245,Minn Nurses Assn Pol Comm (MNA-PC),pac,labor,862543.98,FALSE,TRUE41047,Pro Jobs Majority,pac,biz,784939.76,TRUE,TRUE30025,Minn AFL-CIO,pac,labor,770729.54,TRUE,TRUE30561,North Central States Carpenters PAC,pac,labor,680014.93,TRUE,TRUE70004,Minn Business Partnership PAC,pac,biz,674392.61,TRUE,TRUE30555,Prairie Island Indian Community PAC,pac,indian,649179,FALSE,TRUE30058,International Union of Operating Engineers,pac,labor,615642.78,TRUE,TRUE30163,Faegre Baker Daniels State-Reg Pol Fund (fka Faegre & Benson LLP),pac,lawyers,601637.5,FALSE,TRUE70001,Minn Chamber of Commerce Leadership Fd,pac,biz,580723.57,TRUE,TRUE40404,IBEW Minn State Council PAC,pac,labor,543906.39,FALSE,TRUE30230,Lockridge Grindal Nauen PLLP State Pol Fnd,pac,lawyers,502285.58,FALSE,TRUE30119,IBEW Local 292 Political Education Fund,pac,labor,477259.87,FALSE,TRUE80026,Minn Assoc of Professional Employees Political Fund,pac,labor,434944.88,FALSE,TRUE30270,MAPE-PAC,pac,labor,415352.7,TRUE,TRUE30093,SEIU Healthcare Minn (fka SEIU Local 113),pac,labor,394938.23,TRUE,TRUE30225,TRIAL-PAC,pac,lawyers,390513.17,TRUE,TRUE30636,TakeAction Political Fund,pac,prodfl,389811.98,TRUE,FALSE70006,Minn Realtors Political Action Committee,pac,biz,380495.43,FALSE,TRUE40940,MOHPA PAC,pac,biz,349069.76,TRUE,TRUE30011,Minneapolis Regional Labor Federation,pac,labor,343185.3,TRUE,TRUE30654,Public Safety Matters Campaign,pac,labor,277239.21,TRUE,FALSE30623,Working America Minn Political Committee,pac,labor,272370.42,TRUE,FALSE40038,"CAR, Committee of Automotive Retailers",pac,biz,266105.29,FALSE,TRUE30124,Multi Housing Political Action Committee,pac,biz,264850,TRUE,TRUE30060,Minn State Council of UNITE HERE Unions,pac,labor,256553.59,TRUE,TRUE40714,Minn Hospital PAC,pac,biz,225832.58,TRUE,TRUE30031,Minneapolis Firefighters Fraternal Assn (fka Relief Assn Pol Fund),pac,labor,221862.21,FALSE,TRUE30116,Dorsey Political Fund,pac,lawyers,218203.65,FALSE,TRUE30013,Joint Council 32 DRIVE,pac,labor,216610,TRUE,TRUE30258,RKM&C Fund,pac,lawyers,216342.43,FALSE,TRUE30594,Boilermakers 647 Political Action Fund,pac,labor,212587.5,FALSE,TRUE41049,State Fund for Economic Growth LLC,pac,biz,200000,FALSE,TRUE30316,IBEW 110 PAC,pac,labor,197183.72,FALSE,TRUE30629,Impact Minnesota Political Fund,pac,prodfl,192535.97,TRUE,FALSE80023,Teamsters Local 120 DRIVE,pac,labor,192146,TRUE,TRUE70005,Minn CPAs Public Affairs Committee,pac,biz,187150,TRUE,FALSE30007,Minneapolis Municipal Retirement Assoc,pac,labor,187000,FALSE,TRUE80008,Conservation Minnesota Voter Fund,pac,issue,179496.9,FALSE,FALSE30022,Local 59 Political Fund,pac,labor,178630,FALSE,TRUE40847,Emilys List - Minn,pac,issue,175788.42,FALSE,TRUE30018,Minn Dental Political Action Committee,pac,biz,166400.5,FALSE,TRUE30274,Beer PAC-Minn Beer Wholesalers Assoc,pac,biz,166080,FALSE,TRUE30608,MN State Bldg & Construction Trades Cncl Pol Fund,pac,labor,162194.44,TRUE,TRUE30628,"Planned Parenthood Minnesota, North Dakota, South Dakota Action Fund",pac,issue,159797.43,FALSE,TRUE30308,IFO Political Action Committee Fund (Inter Faculty Organization),pac,labor,153160.72,FALSE,TRUE40756,Minn TruckPAC (fka Minn Trucking Assn State PAC),pac,biz,151300.88,FALSE,TRUE30611,IUPAT Political Action Together Pol Committee,pac,labor,146201,FALSE,TRUE40933,Putting Minnesota First,pac,prodfl,140850.48,TRUE,FALSE40751,Minn Bank State PAC,pac,biz,136300,FALSE,TRUE30242,Leonard Street and Deinard PAC,pac,lawyers,134450,FALSE,TRUE30631,HRC Equality Votes Minnesota,pac,issue,130430.11,FALSE,TRUE41050,Vote Racino Now Committee,pac,issue,121761.36,FALSE,FALSE30588,Sheet Metal Workers PAC 10,pac,labor,120689.56,FALSE,TRUE30108,MTA PAC (fka SITCO PAC),pac,biz,119975,FALSE,FALSE40786,Messerli & Kramer Political Action Comm,pac,lawyers,118560,FALSE,TRUE70026,Take Action PAC,pac,prodfl,116374.88,TRUE,TRUE30325,St Paul Pipefitters Local 455 PAC,pac,labor,114717,FALSE,TRUE30632,Minnesota - America Votes,pac,prodfl,109432.93,FALSE,FALSE30092,Iron Workers Local 512,pac,labor,108014,FALSE,TRUE30138,CARE / PAC,pac,biz,107525,FALSE,FALSE41001,UFCW Active Ballot Club,pac,labor,107350,FALSE,FALSE30550,Suburban School Emp Local 284 Pol Act Fund,pac,labor,106936.91,TRUE,TRUE30315,Fond du Lac Committee of Political Ed,pac,indian,106600,FALSE,FALSE40045,Committee of Thirteen Legislative Fund,pac,labor,105430,FALSE,TRUE40745,United Steelworkers District 11 Non-Federal Acct,pac,labor,104000,TRUE,TRUE40036,MEDPAC Minn Medical Political Action Comm,pac,biz,102130,FALSE,FALSE40877,Xcel Energy Employees PAC (fka Power PAC),pac,biz,100890,FALSE,FALSE30656,National Assn of Realtors Fund,pac,biz,95179.55,FALSE,FALSE30331,IBEW - COPE,pac,labor,93500,TRUE,FALSE30019,UTU PAC-MN,pac,labor,92975,FALSE,TRUE30192,Saint Paul Teachers Pension PAC,pac,labor,91950,FALSE,TRUE41023,North Star SFAA-PAC,pac,biz,91905,FALSE,TRUE80021,CWA COPE PCC,pac,labor,85100,FALSE,TRUE30064,Local 28 Political Fund,pac,labor,83500,FALSE,TRUE30218,Hospitality Political Action Committee,pac,biz,82662,FALSE,TRUE30602,SEIU Local 26 Political Fund,pac,labor,81852.47,TRUE,TRUE40295,Friends of DFL Women,pac,prodfl,80550,TRUE,TRUE80012,Planned Parenthood of Minn Pol Action Fund,pac,issue,79988.7,FALSE,TRUE30224,CUVOL,pac,biz,79670,FALSE,TRUE40248,Independent Community Bankers of Minn PAC,pac,biz,78855,FALSE,FALSE40238,Rural Electric Political Action Comm,pac,biz,78571.4,FALSE,TRUE30599,Minn Pipe Trades Assn PAC Fund,pac,labor,76708.66,TRUE,TRUE30293,MAFMIC Political Action Committee,pac,biz,75310,FALSE,FALSE70047,ACEC/MN Political Action Committee,pac,issue,74918.11,FALSE,FALSE30174,United Food & Commerical Workers Council 6,pac,labor,73706,FALSE,FALSE30635,Housing First,pac,issue,72756.41,FALSE,TRUE30239,Pipe Fitters Local 539,pac,labor,71888.07,FALSE,TRUE40275,Public Emp Pension Serv Assn (PEPSA) Pol Fund,pac,labor,70765,FALSE,TRUE30085,Police Officers Fed of Mpls Contingency Fund,pac,labor,70750,FALSE,FALSE30128,Minneapolis Police Relief Assoc,pac,labor,68856.59,FALSE,TRUE30190,MCCL State Pac,pac,issue,65999.53,FALSE,FALSE30563,Bois Forte Political Education Fund,pac,indian,65100,FALSE,TRUE70013,TwinWest Chamber of Commerce PAC,pac,biz,64638.29,TRUE,TRUE40019,Food PAC of Minn,pac,biz,64275,FALSE,TRUE40991,FEAPAC - MINN,pac,biz,63302.5,FALSE,TRUE40821,Pine Bend PAC,pac,,62220,FALSE,FALSE30111,Minn Chiropractic Political Action Comm,pac,biz,62212.5,FALSE,TRUE40094,IBEW Local #31 Volunteer COPE Fund,pac,labor,60595,FALSE,TRUE40825,GREAT (Great River Energy Action Team-State),pac,biz,60000,FALSE,TRUE40268,womenwinning State PAC,pac,prodfl,59900,TRUE,FALSE30557,NAIOP Economic Growth Fund,pac,biz,59750,TRUE,TRUE70035,NRA Political Victory Fund,pac,issue,59705.85,FALSE,FALSE41021,VOICES of Conservative Women State PAC (VOICESPAC),pac,prorpm,59204.39,TRUE,TRUE40789,Minn Power PAC,pac,biz,58780,FALSE,TRUE30098,Minn Professional Fire Fighters PAC,pac,labor,58176.67,FALSE,TRUE40666,Minn Manufactured Home PAC,pac,biz,57120,FALSE,TRUE30123,Minneapolis Retired Police Assoc Political Fund,pac,labor,53975,FALSE,TRUE70022,Minn Soybean PAC,pac,biz,53325,FALSE,FALSE30127,Minn Cable Comm Assoc - PAC,pac,biz,52745,FALSE,FALSE40069,Northwest Petroleum NPPAC,pac,biz,52620,FALSE,TRUE30606,UNITE HERE TIP State and Local Fund-MN,pac,labor,52500,FALSE,TRUE30236,IBEW Local 343 Political Education Fund (fka Electr Loc 343 IBEW Ed Fd),pac,labor,51710.88,FALSE,TRUE30584,Best & Flanagan Political Fund,pac,lawyers,51537.5,FALSE,TRUE40098,Road PAC of Minn,pac,biz,50798.22,TRUE,TRUE30587,Goff Public PAC,pac,biz,50550,FALSE,TRUE41005,Edinans for Erhardt,pac,candidate,49961.94,TRUE,TRUE40790,St Paul Regional Labor Federation AFL-CIO (fka St Pl Trds & Lbr Asmbly PAC),pac,labor,49729.01,TRUE,TRUE70010,MABC PAC,pac,,47535.88,FALSE,TRUE30012,Minneapolis Bldg & Construct Trades Council,pac,labor,46548.8,TRUE,TRUE30288,Minn Police & Peace Officers Assoc Leg Fund,pac,labor,46535.25,TRUE,TRUE70024,Aging Services of Minn (fka MHHA PAC),pac,biz,46500,FALSE,FALSE41092,Progressive Kick IE,pac,prodfl,46119.07,FALSE,TRUE30151,Retired Peoples Political Action Fund,pac,labor,46000,FALSE,FALSE30634,Greater Minnesota Votes,pac,,45921.19,TRUE,FALSE40889,Leech Lake PAC,pac,indian,45621.78,FALSE,TRUE80020,Sierra Club Political Committee,pac,issue,44924.72,FALSE,TRUE30637,Somali Action Alliance Political Fund,pac,issue,44374.96,TRUE,FALSE30327,Lower Sioux Political Education Fund,pac,indian,43374,FALSE,FALSE40562,Minn Physical Therapy PAC,pac,biz,43300,FALSE,FALSE40970,Grand Portage PAC,pac,indian,42650,FALSE,FALSE30074,Amalgamated Transit Union Local 1005,pac,labor,41933.12,FALSE,TRUE30195,MN Retailers IMPACT (fka Mn Retail Pol Advocacy Fd),pac,biz,41075,TRUE,TRUE70041,HRC Minnesota PAC,pac,issue,41034.42,TRUE,TRUE70051,Minnesotans for Racino PAC,pac,biz,38625,FALSE,FALSE30591,Minn Seasonal Recreational Property Owners PAC,pac,biz,37806.79,FALSE,TRUE80001,Minn Eye PAC,pac,biz,36920,FALSE,FALSE30137,BAM-PAC,pac,biz,36880,FALSE,FALSE80005,VET-PAC of Minn,pac,issue,34400,FALSE,TRUE70033,OutFront Minnesota Action,pac,issue,34354.12,TRUE,TRUE30120,SOF-PAC,pac,,34250,FALSE,TRUE30096,Duluth FirePAC,pac,labor,33677.5,TRUE,FALSE30154,St Paul Firefighters Local 21 Political Action Committee,pac,labor,32400,FALSE,TRUE40543,Minn Farmers Union PAC,pac,biz,31925,FALSE,FALSE41045,Committee to Stop Wasteful Spending,pac,,31883.79,TRUE,TRUE40056,IFAPAC Minn,pac,,31750,FALSE,FALSE30115,Minn State MNPL,pac,,31500,FALSE,TRUE30657,Americans for Tax Reform Political Fund,pac,issue,30915,FALSE,FALSE40246,PAL 9 Natl Assoc of Letter Carriers,pac,labor,30745,FALSE,TRUE30002,Minn State Patrol Troopers Assoc,pac,labor,29900,FALSE,FALSE40837,Local Action Political Action Committee,pac,labor,29591.26,TRUE,FALSE80018,Clean Water Action Voter Education Project,pac,biz,29313.71,FALSE,TRUE30345,Winthrop & Weinstine PA Political Fund,pac,biz,29210.63,FALSE,TRUE30617,Building Trades C1 PAC Fund,pac,labor,29050,TRUE,TRUE40254,Minneapolis Fire Department Pensioners PCF,pac,labor,28950,FALSE,TRUE30103,Elementary Principals Action Committee,pac,,28125,FALSE,FALSE80027,Project 515 PAC,pac,issue,27850,TRUE,FALSE30083,U A Plumbers Local #34 Political Fund,pac,labor,27500,FALSE,TRUE30577,Plumbers & Steamfitters Local 11 PAC Fund,pac,labor,27288.08,FALSE,TRUE30647,CMVC Fund (Conservation MN Voter Center),pac,issue,27177.69,TRUE,FALSE41083,Count Them All Properly,pac,prorpm,27000,FALSE,FALSE30191,VOTE - 66,pac,labor,26800,TRUE,TRUE70016,MN Corn State PAC (fka MN Corn),pac,biz,26720,FALSE,TRUE40741,NFIB/MN Save Americas Free Enterprise Trust,pac,biz,26262.73,FALSE,FALSE40954,America Votes - Minnesota,pac,prodfl,26000,TRUE,TRUE40872,Rural Minn Preservation,pac,issue,25866.47,TRUE,FALSE30622,TCO Political Action Committee,pac,,25000,FALSE,FALSE70014,Insurance Federation Political Action Comm,pac,biz,24175,TRUE,TRUE40201,Minn AGPAC,pac,biz,23899.7,FALSE,TRUE40894,Ottertail Power PAC,pac,biz,22925,FALSE,TRUE40820,Local 851 Political Action Committee,pac,labor,22864.6,FALSE,TRUE30268,People in Construction Political Action Comm,pac,biz,21900,FALSE,FALSE30581,CHG PAC,pac,biz,21100,FALSE,FALSE40782,Carpenters Local 1644 PAC,pac,labor,21095.56,TRUE,TRUE30618,Working Families Fund,pac,,20893.51,TRUE,TRUE40105,Lindquist & Vennum Political Fund,pac,lawyers,20820,FALSE,TRUE80002,MSA-PAC,pac,issue,20750,FALSE,FALSE41077,Michele PAC Minnesota,pac,prorpm,20500,FALSE,FALSE40935,Friends of Minn Nurse Anesthetists,pac,,20450,FALSE,FALSE40542,Brotherhood of Locomotive Engineers & Trainmen,pac,labor,19850,FALSE,FALSE40950,Midwest Values PAC - MN,pac,prodfl,19675,FALSE,FALSE30633,OutFront MN Action Independent Expenditure Fund,pac,issue,19551.13,TRUE,FALSE30312,Council 65 Political Action Committee,pac,labor,19430,FALSE,FALSE30624,Larkin Hoffman Political Fund,pac,lawyers,19250,FALSE,FALSE41088,A Stronger Minnesota,pac,prorpm,18827.55,FALSE,FALSE80022,MPS PAC,pac,,18650,FALSE,FALSE30033,Plumbers Local Union #15 COPE Account,pac,labor,18517,FALSE,TRUE30234,Sprinkler Fitters Local Union No 417,pac,labor,18369,FALSE,TRUE40016,PharmPAC,pac,biz,18300,FALSE,FALSE30552,NARAL Pro-Choice Minn Election Fund,pac,issue,18178.59,TRUE,TRUE30571,Plumbers & Pipefitters Local #589 Pol Action Comm,pac,labor,18088.28,FALSE,TRUE30016,Firefighters Assoc of Mpls Political Fund,pac,labor,17550,FALSE,TRUE40491,D&T Better Government Committee,pac,biz,17177.84,FALSE,TRUE30619,Federal Express Minn State Fund,pac,biz,16900,FALSE,TRUE30568,Rice Michels & Walther LLP Political Fund,pac,biz,16896.02,FALSE,TRUE70052,SMART PAC,pac,biz,16500,FALSE,FALSE41093,America Votes Action Fund - Minnesota,pac,prodfl,15875.62,TRUE,FALSE30337,Health Partners Civic Affairs Council,pac,biz,14025,FALSE,TRUE40996,Leaders Aligned for Health Care,pac,,13750,FALSE,TRUE40994,Northeast ALC PAC,pac,labor,13215.35,TRUE,TRUE30583,Carpenters Local #606 PAC,pac,labor,13100,FALSE,FALSE30609,East Metro ASC LLC PAC (fka Minn Ambulatory Surgery Center Assoc),pac,biz,13000,FALSE,FALSE30626,East Central MN Area Labor Council COPE,pac,labor,12788.6,FALSE,TRUE30556,St Paul Area Chamber of Commerce PAC,pac,biz,12616.67,TRUE,TRUE30640,Dominium Political Fund,pac,,12550,FALSE,TRUE80029,Minneapolis Police Fraternal Association,pac,labor,12050,FALSE,FALSE30642,Carpenters Local 322,pac,labor,11880,FALSE,FALSE40981,Progressive Majority Minnesota,pac,prodfl,11689.66,TRUE,TRUE30592,Carpenters Local Union 361 Pol Fund,pac,labor,11490,TRUE,FALSE40725,Gray Plant Mooty Mooty & Bennett Independent PAC,pac,lawyers,11400,FALSE,TRUE40537,Waste Management PAC of Minn,pac,biz,11250,FALSE,FALSE40907,Motorcycle PAC of Minn,pac,issue,11200,FALSE,FALSE40123,Minn Service Station Assoc,pac,biz,10700,FALSE,TRUE70050,MN HomeCare PAC,pac,biz,10600,FALSE,FALSE30088,AFL-CIO Southeast Central Labor Council,pac,labor,10460.96,TRUE,TRUE40810,Twin Cities Republican Assn,pac,prorpm,10200,FALSE,FALSE40915,Duluth Active & Retired Teachers Group,pac,labor,10000,FALSE,FALSE