ComID,Committee,totspend,topac,receivedtot,frompac,stype,CommCity,CommState,CommZip,CommWeb,RegistrationDate,TerminationDate,endcash2012,cat1,cat2,IE,ieprodfl,ieprorpm,ieother,candall,canddfl,candrpm,partyall,partydfl,partyrpm
99999,2010/2012 Funds,3942468.87,3942468.9,3942388.9,2647770.0,Independent Expenditure,St Paul,MN,55104,,2/18/10 14:57,,5.74,pac,prodfl,,,,,,,,,,
41088,A Stronger Minnesota,18827.55,,24950.0,,Independent Expenditure,Belle Plaine,MN,56011,www.astrongerminnesota.com,9/19/12 14:28,,557.51,pac,prorpm,18827.55,,18827.55,,,,,,,
70047,ACEC/MN Political Action Committee,74918.11,,85354.2,,Political Committee,Minnetonka,MN,55305,,8/24/09 9:54,,4266.13,pac,issue,,,,,45668.11,22768.11,22900,29250,13500,15750
30088,AFL-CIO Southeast Central Labor Council,10460.96,4559.8,6100.0,4300.0,Political Fund,Rochester,MN,55904,,11/12/74,8/21/08,,pac,labor,4401.18,4401.18,,,,,,1500,1500,
30204,AFSCME,2317688,1578268.0,,,Political Fund,Washington,DC,20036,afscme.org,9/27/82,,0,pac,labor,5340,63527,,,1500,1500,,732580,732580,
30593,AFSCME Minn PEOPLE Committee Council 5 PAC,1514590.52,502689.3,2041199.9,1223268.0,Political Fund,South St Paul,MN,55075,,5/19/05,,46042.08,pac,labor,319730.7,353723.02,2217.69,362.35,87725,84425,3300,599295.53,599295.53,
70024,Aging Services of Minn (fka MHHA PAC),46500,,42548.0,,Political Committee,St Paul,MN,55114,,8/13/01,,9802.28,pac,biz,,,,,2050,1200,850,44450,21700,22750
80024,Alliance for a Better Minnesota Action Fund,7166803.82,4240.0,9882936.5,9589385.2,Independent Expenditure,St Paul,MN,55104,abetterminnesota.org,9/26/07,,2405.67,pac,prodfl,7162563.82,6824932.08,8758.83,328872.91,,,,,,
30074,Amalgamated Transit Union Local 1005,41933.12,2828.1,35350.0,,Political Fund,Minneapolis,MN,55414,,10/29/74,,541.88,pac,labor,,,,,20925,20625,,18180,18180,
40954,America Votes - Minnesota,26000,26000.0,56639.7,41639.7,Political Committee,Washington,DC,20036,,5/10/06,,3377.05,pac,prodfl,,3230.47,,,,,,,,
41093,America Votes Action Fund - Minnesota,15875.62,,63693.0,33347.0,Independent Expenditure,Washington,DC,20036,,9/28/12 10:23,,7403.63,pac,prodfl,15875.62,15875.62,,,,,,,,
30657,Americans for Tax Reform Political Fund,30915,,30915.0,,Independent Expenditure,Washington,DC,20005,www.atr.org,11/2/12 9:37,12/31/12,0,pac,issue,30915,,30915,,,,,,,
30137,BAM-PAC,36880,,34834.5,,Political Fund,St Paul,MN,55103-2186,,6/27/78,,8954.21,pac,biz,,,460.35,,3000,1350,1650,33880,16630,17250
30274,Beer PAC-Minn Beer Wholesalers Assoc,166080,500.0,177941.2,,Political Fund,Eden Prairie,MN,55347,,4/15/86,,9429.31,pac,biz,,,,,13530,7500,6030,152050,77950,74100
30584,Best & Flanagan Political Fund,51537.5,1950.0,71715.8,,Political Fund,Minneapolis,MN,55402,,6/4/04,,6109.48,pac,lawyers,,,,,17900,12300,4900,31187.5,20737.5,10450
30594,Boilermakers 647 Political Action Fund,212587.5,11000.0,53535.0,,Political Fund,Ramsey,MN,55303,,5/17/05,,28625.12,pac,labor,,,,,41837.5,41837.5,,159000,159000,
30563,Bois Forte Political Education Fund,65100,2000.0,56800.0,,Political Fund,Nett Lake,MN,55772,,12/13/00,,918.1,pac,indian,,,,,3650,3650,,59450,52450,7000
40542,Brotherhood of Locomotive Engineers & Trainmen,19850,,8005.0,,Political Committee,Cleveland,OH,44113,,10/7/88,,5396.61,pac,labor,,,,,10650,10450,,9200,9200,
30617,Building Trades C1 PAC Fund,29050,450.0,28350.0,2300.0,Political Fund,St Paul,MN,55102,,10/18/07,,1431.33,pac,labor,,,,,10500,10200,300,18100,16600,1500
40038,"CAR, Committee of Automotive Retailers",266105.29,30355.3,272906.0,,Political Committee,St Paul,MN,55118-3505,,7/5/74,,24164.9,pac,biz,,,460.35,,40250,14650,24600,195500,111750,83750
30138,CARE / PAC,107525,,54570.7,,Political Fund,Bloomington,MN,55425,,8/31/78,,10183.72,pac,biz,,,,,2850,2600,250,104675,50975,53700
30583,Carpenters Local #606 PAC,13100,,,,Political Fund,Grand Rapids,MN,55744,,2/3/04,,7211.3,pac,labor,,,,,5700,5700,,7400,7400,
40782,Carpenters Local 1644 PAC,21095.56,3145.6,13336.0,250.0,Political Committee,Minneapolis,MN,55406,,1/26/98,11/16/11,,pac,labor,,,,,17200,16950,,750,750,
30642,Carpenters Local 322,11880,,19046.5,,Political Fund,St Paul,MN,55130,local322.net,10/28/11 9:16,,2604.05,pac,labor,,,,,10630,10630,,1250,1250,
30592,Carpenters Local Union 361 Pol Fund,11490,,8500.0,500.0,Political Fund,Hermantown,MN,55811,,1/4/05,,969.12,pac,labor,,,,,6750,6250,,4740,4740,
30581,CHG PAC,21100,,20900.0,,Political Fund,Maple Grove,MN,55311,,5/28/03,10/12/10,,pac,biz,,,,,,,,21100,7600,13500
80018,Clean Water Action Voter Education Project,29313.71,6000.0,20220.0,,Political Fund,Minneapolis,MN,55414,,10/30/84,,380.12,pac,biz,23313.71,82915.04,45.81,71.76,,,,,,
30647,CMVC Fund (Conservation MN Voter Center),27177.69,,40500.0,500.0,Independent Expenditure,Minneapolis,MN,55415,www.mnvotercenter.org,7/20/12 16:27,,3541.31,pac,issue,27177.69,27177.69,,,,,,,,
70007,Coalition of MN Businesses PAC,888732.36,21841.5,905061.0,903500.0,Political Committee,St Paul,MN,55101,,11/15/94 9:36,,9182.18,pac,biz,866890.84,,1309750.53,,,,,,,
40045,Committee of Thirteen Legislative Fund,105430,125.0,,,Political Committee,Oakdale,MN,55128,committeeof13.org,10/21/74,,6265,pac,labor,,1591,,,36330,35330,1000,68975,67875,1100
41045,Committee to Stop Wasteful Spending,31883.79,3062.9,32500.0,10000.0,Independent Expenditure,St Paul,MN,55101,,8/25/10 11:29,12/31/11,,pac,,28820.9,,28820.9,,,,,,,
80008,Conservation Minnesota Voter Fund,179496.9,,444217.0,,Political Fund,Minneapolis,MN,55415,,8/24/00,,5776.76,pac,issue,138850.79,236486.08,63801.34,5813.54,9860,8760,1100,24400,21550,2850
30312,Council 65 Political Action Committee,19430,,11742.6,,Political Fund,Nashwauk,MN,55769,,4/13/90,,54.57,pac,labor,,,,,9450,9450,,9980,9980,
41083,Count Them All Properly,27000,,31010.0,,Political Committee,St Paul,MN,55102,,2/8/11 9:27,9/19/12,0,pac,prorpm,,,,,,,,27000,,27000
30224,CUVOL,79670,750.0,26792.2,,Political Fund,St Paul,MN,55102,,2/28/75,,15512.94,pac,biz,,,,,19350,11650,7700,59570,29770,29800
80021,CWA COPE PCC,85100,46100.0,148980.5,,Political Fund,Washington,DC,20001,,8/22/06,,315208.98,pac,labor,,,,,6000,6000,,33000,33000,
40491,D&T Better Government Committee,17177.84,17177.8,11175.0,,Political Committee,Minneapolis,MN,55402-1538,,10/30/87,8/8/12,0,pac,biz,,,,,,,,,,
30640,Dominium Political Fund,12550,10000.0,24320.0,,Political Fund,Plymouth,MN,55441,,4/5/11 14:24,,6270,pac,,,,,,1550,1550,,1000,1000,
30116,Dorsey Political Fund,218203.65,13818.0,233821.0,,Political Fund,Minneapolis,MN,55402-1498,,10/23/74,,6278.51,pac,lawyers,,,,,75357.89,39775,21975,129027.76,65050,63977.76
40815,DRIVE- Democrat Republican Ind. Voter Edu.,1122688.6,960688.6,261914.6,,Political Committee,Washington,DC,20001,,11/13/98,,0,pac,labor,,,,,,,,162000,162000,
40915,Duluth Active & Retired Teachers Group,10000,,240.0,,Political Committee,Duluth,MN,55811,,1/22/04,,0,pac,labor,,,,,4000,4000,,6000,6000,
30096,Duluth FirePAC,33677.5,,111447.0,900.0,Political Fund,Duluth,MN,55803,www.duluthfirepac.com,9/12/77,,39737,pac,labor,3397.5,3397.5,,,18000,18000,,12280,12280,
30626,East Central MN Area Labor Council COPE,12788.6,500.0,13342.3,,Political Fund,St Cloud,MN,56301,,4/23/10 9:31,,553.65,pac,labor,2388.6,2388.6,,,7000,7000,,2400,2400,
30609,East Metro ASC LLC PAC (fka Minn Ambulatory Surgery Center Assoc),13000,,13993.7,,Political Fund,Lake Elmo,MN,55042,,8/9/06,,4430.47,pac,biz,,,,,2500,1000,1500,10500,3000,7500
41005,Edinans for Erhardt,49961.94,10280.4,49500.0,44500.0,Political Committee,Edina,MN,55424,,9/15/08,12/31/09,,pac,candidate,39681.57,39681.57,,,,,,,,
30558,Education Minn PAC,3934330.44,929855.0,4769608.8,15130.0,Political Fund,St Paul,MN,55103,,9/15/98,,154763.88,pac,labor,1065266.21,2305417.37,14973.82,8201.28,135750,133350,2400,1689274,1649349,39925
30103,Elementary Principals Action Committee,28125,,,,Political Fund,St Paul,MN,55108,,10/16/75,,10883.61,pac,,,,,,11750,10850,900,16375,13025,3350
40847,Emilys List - Minn,175788.42,8500.0,95025.1,,Political Committee,Washington,DC,20036,www.emilyslist.org,10/27/00,,,pac,issue,,75521.57,,,9320,9320,,157968.42,157968.42,
30163,Faegre Baker Daniels State-Reg Pol Fund (fka Faegre & Benson LLP),601637.5,27950.0,635907.9,,Political Fund,Minneapolis,MN,55402-3901,PAC@FaegreBD.com,10/6/80,,1300.5,pac,lawyers,,,,,109000,54050,33950,464687.5,257137.5,207550
40991,FEAPAC - MINN,63302.5,3000.0,76967.5,,Political Committee,Shorewood,MN,55331,,12/7/07,,21234.34,pac,biz,,,,,17240,5300,10240,43062.5,20250,22812.5
30619,Federal Express Minn State Fund,16900,500.0,2833.3,,Political Fund,Memphis,TN,38120,,9/8/08,,,pac,biz,,,,,1900,300,1600,14500,,14500
30016,Firefighters Assoc of Mpls Political Fund,17550,7000.0,73594.3,,Political Fund,Minneapolis,MN,55418,,7/7/74,,54034.75,pac,labor,,,,,5300,5300,,5250,4250,1000
30315,Fond du Lac Committee of Political Ed,106600,,99550.0,,Political Fund,Cloquet,MN,55720,,9/21/88,,7312.66,pac,indian,,,,,10250,6800,3450,96350,55850,40500
40019,Food PAC of Minn,64275,250.0,77500.0,,Political Committee,St Paul,MN,55102,,9/24/74,,47765.51,pac,biz,,,,,22500,5800,16700,41525,13450,28075
40742,Freedom Club State PAC,2670407.37,,3196063.0,,Political Committee,Champlin,MN,55316,,11/2/95 11:36,,2028.21,pac,prorpm,1996367.37,62966.08,2108068.65,,50940,,50940,623100,,623100
40295,Friends of DFL Women,80550,500.0,82020.0,47475.0,Political Committee,St Paul,MN,55104,,9/24/82,,6345.04,pac,prodfl,,2500,,,50225,50225,,29825,29825,
40935,Friends of Minn Nurse Anesthetists,20450,,28418.0,,Political Committee,Minneapolis,MN,55416,www.mnana.org,12/29/04,,14756.52,pac,,,,,,7950,3600,2350,12500,8000,4500
30587,Goff Public PAC,50550,3000.0,55031.7,,Political Fund,St Paul,MN,55101,,8/16/04,,1884.01,pac,biz,,,,,16600,6350,10250,30950,15200,15750
40970,Grand Portage PAC,42650,,59055.0,,Political Committee,Grand Portage,MN,55605,www.grandportage.com,10/12/06,,22760.35,pac,indian,,,,,6000,5500,500,36650,35900,750
40725,Gray Plant Mooty Mooty & Bennett Independent PAC,11400,100.0,22817.8,,Political Committee,Minneapolis,MN,55402,,10/19/94 9:28,,14117.37,pac,lawyers,,,,,7800,3550,2000,3500,3250,250
40825,GREAT (Great River Energy Action Team-State),60000,500.0,85645.5,,Political Committee,Wayzata,MN,55391,,12/30/99,,29443.06,pac,biz,,,,,25200,15500,9700,34300,22250,12050
30634,Greater Minnesota Votes,45921.19,,48100.0,46000.0,Independent Expenditure,Minneapolis,MN,55408,,10/1/10 10:00,12/31/11,,pac,,45921.19,43721.19,,2200,,,,,,
30337,Health Partners Civic Affairs Council,14025,250.0,13008.3,,Political Fund,St Paul,MN,55105,,12/5/90,,1478.76,pac,biz,,,,,2600,1200,1400,11175,4450,6725
30218,Hospitality Political Action Committee,82662,23500.0,206690.0,,Political Fund,St Paul,MN,55117-2031,,7/3/74,,4257.49,pac,biz,,,,,27400,4950,22450,31762,10062,21700
30635,Housing First,72756.41,17500.0,86906.6,,Independent Expenditure,Roseville,MN,55113,www.batconline.org,10/8/10 8:59,,12070.39,pac,issue,55256.41,1981.8,53274.61,,,,,,,
30631,HRC Equality Votes Minnesota,130430.11,130000.0,131032.7,,Independent Expenditure,Washington,DC,20036,www.hrc.org,9/10/10 14:56,12/31/10,,pac,issue,430.11,430.11,,,,,,,,
70041,HRC Minnesota PAC,41034.42,1022.6,35110.0,5250.0,Political Committee,Washington,DC,20036,,8/10/06,10/22/12,,pac,issue,,,,,658.04,658.04,,39353.83,39353.83,
30331,IBEW - COPE,93500,,444584.9,158193.0,Political Fund,Washington,DC,20001,,10/29/90,,2082993.64,pac,labor,,,,,7500,7500,,81000,81000,
30316,IBEW 110 PAC,197183.72,83558.0,,,Political Fund,St Paul,MN,55106,,2/25/90,,18042.68,pac,labor,,1355,,,19650,18850,800,92625.72,92625.72,
40094,IBEW Local #31 Volunteer COPE Fund,60595,46615.0,28909.1,,Political Committee,Duluth,MN,55812,,9/28/76,,1425.43,pac,labor,,457.3,,,5250,5250,,8730,8730,
30119,IBEW Local 292 Political Education Fund,477259.87,63100.0,466208.4,,Political Fund,Minneapolis,MN,55414,,7/16/74,,20325.33,pac,labor,1785.59,2533.92,47.86,,50300,49800,500,352074.28,352074.28,
30236,IBEW Local 343 Political Education Fund (fka Electr Loc 343 IBEW Ed Fd),51710.88,43860.9,36850.0,,Political Fund,Rochester,MN,55904-8435,,4/17/84,,1439.64,pac,labor,,417.13,,,4200,4200,,3650,3650,
40404,IBEW Minn State Council PAC,543906.39,263405.4,542125.0,,Political Committee,St Anthony Village,MN,55421-4352,,6/16/80,,3161.48,pac,labor,4176,4176,,,43775,43775,,232550,232550,
40056,IFAPAC Minn,31750,,88489.9,,Political Committee,Minneapolis,MN,55422,,7/23/74,,4856.52,pac,,,,,,27850,7250,20600,3900,2250,1650
30308,IFO Political Action Committee Fund (Inter Faculty Organization),153160.72,2700.0,163513.7,,Political Fund,St Paul,MN,55103,,9/26/89,,877.03,pac,labor,1270.72,1627.42,15.58,,65000,55550,9450,84190,80190,4000
30629,Impact Minnesota Political Fund,192535.97,,190951.8,29500.0,Independent Expenditure,St Paul,MN,55114,,8/26/10 12:09,9/25/12,0,pac,prodfl,192535.97,192535.97,,,,,,,,
40248,Independent Community Bankers of Minn PAC,78855,,185640.4,,Political Committee,St Paul,MN,55108,,9/10/75,,46289.11,pac,biz,,,,,13700,4650,9050,65155,18205,46950
70014,Insurance Federation Political Action Comm,24175,12400.0,26200.3,2500.0,Political Committee,Maple Grove,MN,55369-5611,,2/29/80,,2212.08,pac,biz,,,,,2175,650,1525,9600,3200,6400
30058,International Union of Operating Engineers,615642.78,116517.5,148780.5,7816.2,Political Fund,Minneapolis,MN,55418,,10/4/74,,12180.85,pac,labor,6049.44,6049.44,,,53675,50725,2950,438900.88,436000.88,2900
30092,Iron Workers Local 512,108014,9414.0,45000.0,,Political Fund,St Paul,MN,55104-1634,,11/25/74,,329.49,pac,labor,,,,,10300,10300,,88300,88300,
30611,IUPAT Political Action Together Pol Committee,146201,27251.0,1092679.8,,Political Fund,Hanover,MD,21076,,7/25/06,,983110.06,pac,labor,,,,,11800,11800,,107150,107150,
30013,Joint Council 32 DRIVE,216610,59700.0,1458592.7,447031.5,Political Fund,Minneapolis,MN,55414,,7/7/74,,51506.3,pac,labor,,,,,34600,33300,1100,122310,122310,
40712,Laborers District Council of Minn & ND Pol Fund,1825250,442400.0,1916596.3,1978.1,Political Fund,St Paul,MN,55117,,6/28/94,,22757.14,pac,labor,,,,,58200,56250,1250,1274650,1274650,
30624,Larkin Hoffman Political Fund,19250,,23975.9,,Political Fund,Bloomington,MN,55431,,12/10/09 10:49,,4876.85,pac,lawyers,,,,,1000,1000,,18250,9250,9000
40996,Leaders Aligned for Health Care,13750,1075.0,14400.0,,Political Committee,St Louis Park,MN,55426,,4/18/08,5/15/12,5,pac,,,,,,2700,1500,200,9975,7200,2775
40889,Leech Lake PAC,45621.78,500.0,58400.0,,Political Committee,Cass Lake,MN,56633,,8/29/02,,2185.65,pac,indian,,,,,6362.5,6062.5,300,38759.28,35259.28,3500
30242,Leonard Street and Deinard PAC,134450,14700.0,161930.0,,Political Fund,Minneapolis,MN,55402,,2/11/90,,5153.21,pac,lawyers,,,,,30175,18075,11100,89575,51550,38025
40105,Lindquist & Vennum Political Fund,20820,850.0,41825.0,,Political Committee,Minneapolis,MN,55402,,6/4/79,,18414.54,pac,lawyers,,,,,9750,4950,3100,10220,4670,5550
30064,Local 28 Political Fund,83500,22700.0,25829.0,,Political Fund,St Paul,MN,55102,,10/15/74,,7884.89,pac,labor,,,,,450,450,,60350,60350,
30022,Local 59 Political Fund,178630,16930.0,213374.2,,Political Fund,Minneapolis,MN,55413,,1/1/90,,61674.47,pac,labor,,,,,42900,42400,500,118300,117200,1100
40820,Local 851 Political Action Committee,22864.6,12364.6,11410.8,,Political Fund,Anoka,MN,55303,,6/14/99,11/16/11,,pac,labor,,,,,10000,10000,,500,500,
40837,Local Action Political Action Committee,29591.26,,29855.3,29855.3,Political Committee,West St Paul,MN,55118,,8/17/00,,436.25,pac,labor,29591.26,2997.47,29591.26,,,,,,,
30230,Lockridge Grindal Nauen PLLP State Pol Fnd,502285.58,4000.0,553870.0,,Political Fund,Minneapolis,MN,55401,,1/1/90,,2086.97,pac,lawyers,,,,,38911.84,25272.46,13639.38,431313.41,277368.45,153944.96
30327,Lower Sioux Political Education Fund,43374,,35070.0,,Political Fund,Morton,MN,56270,,8/31/90,,800.12,pac,indian,,,,,5200,3700,1500,38174,32674,5500
70010,MABC PAC,47535.88,12500.0,45565.0,,Political Committee,Eden Prairie,MN,55344,,11/21/86,,405.89,pac,,10000,,10000,,16220.88,,16220.88,8815,,8815
30293,MAFMIC Political Action Committee,75310,,35120.0,,Political Fund,St Joseph,MN,56374,,7/22/88,,5009.39,pac,biz,,,,,42360,7900,34260,32950,7375,25575
30348,Mah Mah Wi No Min Fund I,917062.28,10600.0,993750.0,,Political Fund,Minneapolis,MN,55401,,11/2/92,,12824.96,pac,indian,2602.28,23547.04,,,53450,43200,10250,850410,775410,75000
30270,MAPE-PAC,415352.7,53767.7,119398.0,1500.0,Political Committee,Shoreview,MN,55126,,12/30/85,,40082.86,pac,labor,3584.96,3584.96,,,52650,52400,250,305350,305350,
30190,MCCL State Pac,65999.53,,45404.1,,Political Fund,Minneapolis,MN,55409,,7/26/82,,19346.43,pac,issue,60057.47,52215.38,360548.89,11939.15,3911.13,,3911.13,2030.93,,2030.93
40036,MEDPAC Minn Medical Political Action Comm,102130,,262126.6,,Political Committee,Minneapolis,MN,55413,,7/5/74,,19357.81,pac,biz,4880,,2675.02,6040.78,50250,30250,20000,47000,25500,21500
40786,Messerli & Kramer Political Action Comm,118560,3100.0,153700.0,,Political Committee,St Paul,MN,55104,,6/4/98,,2185.46,pac,lawyers,,,,,15950,11050,4900,99510,59960,39550
41077,Michele PAC Minnesota,20500,,21000.0,,Political Committee,Woodbury,WI,55125,,5/16/12 15:15,,6896.19,pac,prorpm,,,,,15500,,15500,5000,,5000
40950,Midwest Values PAC - MN,19675,,,,Political Committee,Minneapolis,MN,55458,,2/1/06,2/1/07,,pac,prodfl,,,,,,,,19675,19675,
30025,Minn AFL-CIO,770729.54,207772.7,1319325.6,734603.7,Political Fund,St Paul,MN,55103,,7/24/74,,4567.55,pac,labor,265081.8,381236.88,1902.96,11959.05,28650,28650,,249225,249225,
40201,Minn AGPAC,23899.7,2000.0,7875.0,,Political Committee,St Paul,MN,55102-1130,,8/12/80,,2803.17,pac,biz,,,,,11899.7,5149.7,6750,10000,4800,5200
80026,Minn Assoc of Professional Employees Political Fund,434944.88,217960.0,294066.5,,Political Fund,Shoreview,MN,55126,,3/24/10 16:00,,26013.66,pac,labor,33984.88,33984.88,,,500,500,,142500,142500,
40751,Minn Bank State PAC,136300,31000.0,110220.0,,Political Committee,St Paul,MN,55103,,5/28/96 10:20,,7419.26,pac,biz,,,,,20450,6300,14150,84850,26050,58800
70004,Minn Business Partnership PAC,674392.61,325000.0,722245.0,25000.0,Political Committee,Minneapolis,MN,55402,,7/27/92,,34428.95,pac,biz,168192.61,4755.6,382637.2,,24250,500,23750,156950,1750,155200
30127,Minn Cable Comm Assoc - PAC,52745,,52725.0,,Political Fund,St Paul,MN,55104,,11/18/76,,831.17,pac,biz,,,,,6400,4050,2350,46345,22945,23400
70001,Minn Chamber of Commerce Leadership Fd,580723.57,357200.0,859960.0,47279.2,Political Committee,St Paul,MN,55101,,1/14/83,,1363.33,pac,biz,110173.57,15693.39,217377.25,,2000,500,1500,111350,950,110400
30111,Minn Chiropractic Political Action Comm,62212.5,500.0,82219.0,,Political Fund,Bloomington,MN,55431,,5/11/76,,21084.64,pac,biz,,,,,12250,10000,2250,49462.5,30562.5,18900
70005,Minn CPAs Public Affairs Committee,187150,,284406.4,17177.8,Political Committee,Bloomington,MN,55431,,1/1/90,,149392.45,pac,biz,,,,,22650,10400,12250,164500,81000,83500
30018,Minn Dental Political Action Committee,166400.5,3500.0,9198.0,,Political Fund,Minneapolis,MN,55408-1802,,7/7/74,,19453.12,pac,biz,,,,,75380.5,38405.5,36975,87520,40070,47450
80001,Minn Eye PAC,36920,,29131.3,,Political Fund,Lake Elmo,MN,55042,,10/28/85,,7169.93,pac,biz,,,,,4420,2520,1650,32500,17500,15000
40543,Minn Farmers Union PAC,31925,,17742.0,,Political Committee,St Paul,MN,55113-0007,,11/14/88,,11475.72,pac,biz,,,,,14500,14375,125,17425,15025,2400
40714,Minn Hospital PAC,225832.58,3900.0,212533.0,15825.0,Political Committee,Minneapolis,MN,55414,,7/15/94,,12676.46,pac,biz,12932.58,2932.58,8042.35,10000,37150,23000,14150,171850,98900,72950
40666,Minn Manufactured Home PAC,57120,200.0,59027.0,,Political Committee,W St Paul,MN,55118-3481,,12/7/77,,2651.03,pac,biz,,,,,16800,6350,10450,40120,22370,17750
30245,Minn Nurses Assn Pol Comm (MNA-PC),862543.98,235604.6,743710.7,,Political Fund,St Paul,MN,55102,,1/1/90,,545.25,pac,labor,287722.6,299597.77,19271.31,51788,41372.75,40672.75,700,237844,236844,1000
40562,Minn Physical Therapy PAC,43300,,21776.1,,Political Committee,St Paul,MN,55114,,5/5/82,,1833.76,pac,biz,,,,,20050,15300,4750,23250,14500,8750
30599,Minn Pipe Trades Assn PAC Fund,76708.66,4701.4,69877.6,14568.4,Political Fund,Duluth,MN,55811,www.mnpipetrades.com,1/5/06,,1132.12,pac,labor,,,,,22650,21650,1000,49357.31,39107.31,10250
30288,Minn Police & Peace Officers Assoc Leg Fund,46535.25,450.0,107080.0,40000.0,Political Fund,St Paul,MN,55130-4039,,1/8/78,,63836.44,pac,labor,4685.25,4685.25,,,37000,26650,10350,4400,3900,500
40789,Minn Power PAC,58780,4150.0,80492.0,,Political Committee,Duluth,MN,55812,,7/8/98,,26447.98,pac,biz,,,,,16550,11250,5300,38080,18005,20075
30098,Minn Professional Fire Fighters PAC,58176.67,6200.0,68533.2,,Political Fund,St Louis Park,MN,55426-1338,,8/19/74,,16421.84,pac,labor,,,3029.25,,21026.67,17776.67,3250,30950,23250,7700
70006,Minn Realtors Political Action Committee,380495.43,500.0,325044.3,,Political Committee,Edina,MN,55436,www.mnrealtor.com,10/8/74,,285252.74,pac,biz,13945.43,25023.42,185152.57,15721.74,37350,14750,22600,328700,166300,162400
30591,Minn Seasonal Recreational Property Owners PAC,37806.79,1000.0,250.0,,Political Fund,Mendota,MN,55150,,12/16/04,,3291.42,pac,biz,1256.79,620.71,636.08,,11350,9000,2350,24200,16950,7250
40123,Minn Service Station Assoc,10700,250.0,9608.6,,Political Committee,Little Canada,MN,55117,,4/28/78,,5703.12,pac,biz,,,,,5900,2500,3400,4550,3400,1150
70022,Minn Soybean PAC,53325,,24726.0,,Political Committee,Mankato,MN,56001,,9/29/00,,938.56,pac,biz,,,,,27825,12650,15175,25500,9500,16000
30060,Minn State Council of UNITE HERE Unions,256553.59,40703.6,188900.0,37500.0,Political Fund,Minneapolis,MN,55414,,10/8/74,,254.55,pac,labor,,,,,15100,15100,,197750,197750,
30115,Minn State MNPL,31500,11000.0,1400.0,,Political Fund,Vadnais Heights,MN,55127,,9/7/76,,749.51,pac,,,,,,4500,4500,,15500,15500,
30002,Minn State Patrol Troopers Assoc,29900,,12000.0,,Political Fund,Brooklyn Park,MN,55445,,2/10/77,,6519.98,pac,labor,,,,,5350,4350,1000,24550,17050,7500
40756,Minn TruckPAC (fka Minn Trucking Assn State PAC),151300.88,30250.0,174228.0,,Political Committee,Roseville,MN,55113,,7/15/96,,236.51,pac,biz,24725.88,7393.68,17332.2,,41350,13650,27700,54975,22250,32725
30012,Minneapolis Bldg & Construct Trades Council,46548.8,1000.0,1500.0,1500.0,Political Fund,Minneapolis,MN,55414,,7/16/74,,1259.65,pac,labor,,,,,19748.8,18998.8,750,25800,25250,550
40254,Minneapolis Fire Department Pensioners PCF,28950,3000.0,,,Political Committee,Minneapolis,MN,55413-1830,,1/29/82,12/31/11,,pac,labor,,,,,11250,9050,2200,14700,10750,3950
30031,Minneapolis Firefighters Fraternal Assn (fka Relief Assn Pol Fund),221862.21,6000.0,21250.0,,Political Fund,Fridley,MN,55432,,8/19/74,,576.13,pac,labor,3607.21,160.5,3607.21,,57700,38150,19550,154555,102555,52000
30007,Minneapolis Municipal Retirement Assoc,187000,1500.0,,,Political Fund,Minneapolis,MN,55414-1053,,11/30/78,,999.01,pac,labor,,,,,33450,23250,10200,152050,98250,53800
80029,Minneapolis Police Fraternal Association,12050,,31142.2,,Political Fund,St Paul,MN,55101,,12/23/11 13:59,,10191.85,pac,labor,,,,,6100,5650,450,5950,2950,3000
30128,Minneapolis Police Relief Assoc,68856.59,1500.0,47888.0,,Political Fund,Minneapolis,MN,55413,,5/9/77,12/31/11,,pac,labor,3606.59,,3606.59,,24375,22425,1950,39375,22025,17350
30011,Minneapolis Regional Labor Federation,343185.3,14500.0,590589.4,126956.0,Political Fund,Minneapolis,MN,55414,,7/3/74,,22779.52,pac,labor,32013.3,69927,6724.2,,13100,12600,500,273322,273022,300
30123,Minneapolis Retired Police Assoc Political Fund,53975,250.0,40000.0,,Political Fund,Minneapolis,MN,55403,,9/7/76,6/19/12,0,pac,labor,,,,,23325,21375,1950,30400,15000,15400
30632,Minnesota - America Votes,109432.93,,186984.7,,Independent Expenditure,Washington,DC,20036,,9/20/10 11:30,,0,pac,prodfl,109432.93,109432.93,,,,,,,,
41051,Minnesota Future LLC,1346396.63,1229904.6,2329000.0,5000.0,Independent Expenditure,St Paul,MN,55128,,10/21/10 8:16,1/31/11,,pac,prorpm,116492,,116492,,,,,,,
70051,Minnesotans for Racino PAC,38625,,38450.0,,Political Committee,Mound,MN,55364,,6/21/10 12:21,6/15/12,29.46,pac,biz,,,,,15475,2400,13075,23150,1625,21525
40989,Minnesota's Future,2575655.13,5000.0,3455409.5,1352167.5,Independent Expenditure,St Paul,MN,55101,,11/27/07,,13036.55,pac,prorpm,2570655.13,14511.64,2376693.92,179449.57,,,,,,
70016,MN Corn State PAC (fka MN Corn),26720,500.0,20086.0,,Political Committee,Shakopee,MN,55379,,1/14/99,,8374,pac,biz,,,,,12670,6720,5950,13550,5300,8250
41035,MN FORWARD,1413096.34,,1841729.8,101000.0,Independent Expenditure,Minneapolis,MN,55402,,6/29/10 16:09,,114129.87,pac,prorpm,1413096.34,12206.08,1400890.26,,,,,,,
70050,MN HomeCare PAC,10600,,16978.8,,Political Committee,St Paul,MN,55113,,5/27/10 15:06,,5758.33,pac,biz,,,,,2000,1750,250,8600,5350,3250
30195,MN Retailers IMPACT (fka Mn Retail Pol Advocacy Fd),41075,26000.0,30896.4,450.0,Political Fund,St Paul,MN,55101,,6/24/76,,12181.72,pac,biz,,,,,2650,750,1900,12425,3800,8625
30608,MN State Bldg & Construction Trades Cncl Pol Fund,162194.44,9000.0,208242.9,22922.4,Political Fund,St Paul,MN,55102,,7/24/06,,2795.67,pac,labor,20538.45,20538.45,,,13037.99,12487.99,550,119618,117868,1750
40940,MOHPA PAC,349069.76,250.0,341825.0,2000.0,Political Committee,St Paul,MN,55114,,7/28/05,,3132.34,pac,biz,5669.76,2343.69,3326.07,,68650,21950,46700,274500,110750,163750
40907,Motorcycle PAC of Minn,11200,,,,Political Committee,Chanhassen,MN,55317,,5/2/03,,13434.16,pac,issue,,,,,4950,2850,2100,6250,3000,3250
80022,MPS PAC,18650,,11750.0,,Political Fund,St Paul,MN,55110,mnpsychsoc.org/pac.html,7/25/03,,4814.94,pac,,,,,,18650,9550,9100,,,
80002,MSA-PAC,20750,,13850.0,,Political Fund,Minneapolis,MN,55401,,9/21/88,,692.25,pac,issue,,,,,6750,3500,3250,14000,5500,8500
30108,MTA PAC (fka SITCO PAC),119975,,113130.0,,Political Fund,Roseville,MN,55113,,8/3/76,,43001.25,pac,biz,,,,,106975,47775,59200,13000,6250,6750
30124,Multi Housing Political Action Committee,264850,1400.0,304276.3,10000.0,Political Fund,Bloomington,MN,55431,,9/13/76,,56790.92,pac,biz,,,,,48350,23325,25025,215100,106700,108400
30557,NAIOP Economic Growth Fund,59750,43000.0,60553.0,1250.0,Political Fund,Minneapolis,MN,55416,,8/13/98,,4646.11,pac,biz,,,,,5500,2000,3500,11250,,11250
30552,NARAL Pro-Choice Minn Election Fund,18178.59,2200.0,13521.0,8000.0,Political Fund,St Paul,MN,55114,www.ProChoiceMinnesota.org,11/22/95 13:38,,531.03,pac,issue,14828.59,16436.05,2885.27,,1150,1150,,,,
30656,National Assn of Realtors Fund,95179.55,,95179.6,,Independent Expenditure,Chicago,IL,60611,,10/30/12 13:00,,0,pac,biz,95179.55,,95179.55,,,,,,,
40741,NFIB/MN Save Americas Free Enterprise Trust,26262.73,,27200.0,,Political Committee,Washington,DC,20004,,8/16/96 10:05,,,pac,biz,3805.96,,4903.46,,14456.77,,14456.77,8000,1750,6250
30561,North Central States Carpenters PAC,680014.93,25729.9,19261.1,17811.1,Political Fund,St Paul,MN,55130,,5/3/00,,31037.32,pac,labor,22638.55,37684.07,,,70431.5,55521.5,14910,560715,489795,70920
41023,North Star SFAA-PAC,91905,2250.0,165562.5,,Political Committee,Edina,MN,55742,,1/14/10 9:31,,54633.8,pac,biz,2605,,2605,,21550,1500,20050,65500,21250,44250
40994,Northeast ALC PAC,13215.35,729.9,93386.2,24214.4,Political Fund,Duluth,MN,55812,www.nealc.org,2/5/08,,38893.96,pac,labor,513,513,,,5300,5300,,6672.5,6672.5,
40069,Northwest Petroleum NPPAC,52620,300.0,,,Political Committee,St Paul,MN,55126-3047,,4/4/77,,30299.02,pac,biz,,,,,37550,17550,20000,14770,5970,8800
70035,NRA Political Victory Fund,59705.85,,,,Political Committee,Fairfax,VA,22030,,5/15/90,,2571.52,pac,issue,58705.85,39.46,161639.2,1313.09,500,500,,500,,500
40894,Ottertail Power PAC,22925,200.0,30294.9,,Political Committee,Fergus Falls,MN,56538-0944,,9/20/02,,4080.47,pac,biz,,,,,10350,2850,7500,12375,5025,7350
70033,OutFront Minnesota Action,34354.12,9727.2,61740.0,500.0,Political Committee,Minneapolis,MN,55409-1337,www.outfrontaction.org,8/30/04,,742.22,pac,issue,3726.94,3726.94,,,,,,20900,20900,
30633,OutFront MN Action Independent Expenditure Fund,19551.13,,42595.2,28727.2,Independent Expenditure,Minneapolis,MN,55409-1337,,9/23/10 9:56,,0,pac,issue,19551.13,19551.13,,,,,,,,
40246,PAL 9 Natl Assoc of Letter Carriers,30745,2570.0,4000.0,,Political Committee,Coon Rapids,MN,55448-2316,,3/19/76,,8109.98,pac,labor,,,,,16750,16750,,11425,11425,
30268,People in Construction Political Action Comm,21900,,42400.0,,Political Fund,Apple Valley,MN,55124,,12/13/85,,14278.13,pac,biz,,,,,6700,2700,4000,15200,8750,6450
40016,PharmPAC,18300,,12300.0,,Political Committee,St Paul,MN,55114,,7/9/74,,1969.09,pac,biz,,,,,7450,3300,4150,10850,6050,4800
40821,Pine Bend PAC,62220,,84275.0,,Political Committee,Burnsville,MN,55337,,7/29/99,,13159.82,pac,,,,,,3950,1850,2100,58270,24720,33550
30239,Pipe Fitters Local 539,71888.07,3241.1,40673.3,,Political Fund,Minneapolis,MN,55414,,5/23/84,,8507.24,pac,labor,,,,,36300,35550,750,32347,32347,
30628,"Planned Parenthood Minnesota, North Dakota, South Dakota Action Fund",159797.43,5000.0,167925.4,,Independent Expenditure,St Paul,MN,55114,plannedparenthoodadvocate.com,8/5/10 8:24,,0,pac,issue,154797.43,154775.43,0,22,,,,,,
80012,Planned Parenthood of Minn Pol Action Fund,79988.7,19900.0,105890.0,,Political Fund,St Paul,MN,55114,,7/16/02,,10552.25,pac,issue,60088.7,147697.15,,,,,,,,
30571,Plumbers & Pipefitters Local #589 Pol Action Comm,18088.28,888.3,,,Political Fund,Virginia,MN,55792-3496,,11/20/01,,966.72,pac,labor,,,,,5700,5700,,11500,11500,
30577,Plumbers & Steamfitters Local 11 PAC Fund,27288.08,1733.1,14095.6,,Political Fund,Duluth,MN,55811,,8/29/02,,1655.68,pac,labor,,,,,9750,9750,,15805,15805,
30033,Plumbers Local Union #15 COPE Account,18517,2300.0,,,Political Fund,Minneapolis,MN,55404,,9/5/74,,136.54,pac,labor,,,,,1850,1850,,14367,14367,
30085,Police Officers Fed of Mpls Contingency Fund,70750,,117000.0,,Political Fund,Minneapolis,MN,55418,mpdfederation.com,10/31/74,,4339.13,pac,labor,,2524.71,,,32500,17250,13000,38250,18750,19500
30555,Prairie Island Indian Community PAC,649179,1000.0,560000.0,,Political Fund,Welch,MN,55089,,10/30/96 8:42,,2875.29,pac,indian,,,,,40750,26500,14250,607429,438179,169250
41047,Pro Jobs Majority,784939.76,10000.0,886816.3,5500.0,Independent Expenditure,St Paul,MN,55101,,9/23/10 8:48,,14676.5,pac,biz,774939.76,45400,729539.76,,,,,,,
41092,Progressive Kick IE,46119.07,33347.0,93500.0,,Independent Expenditure,Oakland,CA,94612,www.progressivekick.org,9/27/12 12:39,,46481.31,pac,prodfl,12772.07,12772.07,,,,,,,,
40981,Progressive Majority Minnesota,11689.66,125.0,59451.0,10450.0,Political Committee,Washington,DC,20006,,4/10/07,,43.42,pac,prodfl,,,,,7814.66,7814.66,,3750,3750,
80027,Project 515 PAC,27850,,29247.6,522.6,Political Fund,Minneapolis,MN,55414,,7/23/10 16:26,,824.84,pac,issue,,,,,10000,9500,500,17850,17850,
40275,Public Emp Pension Serv Assn (PEPSA) Pol Fund,70765,250.0,16403.1,,Political Fund,Inver Grove Heights,MN,55076,pepsa.org,9/13/74,,1558.05,pac,labor,,,,,6550,4550,2000,63965,35290,28675
30654,Public Safety Matters Campaign,277239.21,,307150.0,92500.0,Independent Expenditure,St Paul,MN,55130,,10/1/12 11:03,,1231.22,pac,labor,277239.21,277239.21,,,,,,,,
40933,Putting Minnesota First,140850.48,,183989.0,130036.4,Independent Expenditure,St Paul,MN,55114,,9/27/04,,10164,pac,prodfl,140850.48,195405.51,25191.3,,,,,,,
30151,Retired Peoples Political Action Fund,46000,,14999.0,,Political Fund,Excelsior,MN,55331,info@mrsea.org,1/10/80,,4021.81,pac,labor,,,,,,,,46000,23000,23000
30568,Rice Michels & Walther LLP Political Fund,16896.02,200.0,55351.6,,Political Fund,Minneapolis,MN,55413,,7/24/01,,241.38,pac,biz,,,,,4250,3750,500,12446.02,8859.81,3586.21
30258,RKM&C Fund,216342.43,34500.0,221409.5,,Political Fund,Minneapolis,MN,55402-2015,,3/3/78,,11936.02,pac,lawyers,,,,,52650,11900,1500,118275,113275,5000
40098,Road PAC of Minn,50798.22,10000.0,70050.3,5375.3,Political Committee,Apple Valley,MN,55124,,8/4/76,,11257.92,pac,biz,23134.96,17793.79,5341.17,,9763.26,6738.26,3025,7900,6600,1300
40238,Rural Electric Political Action Comm,78571.4,250.0,,,Political Committee,Maple Grove,MN,55369,,6/17/81,,6273.92,pac,biz,,,,,43245,20050,23195,35076.4,16100,18976.4
40872,Rural Minn Preservation,25866.47,,17665.0,12040.0,Political Committee,St Paul,MN,55106-1119,,1/29/02,,379.35,pac,issue,24466.47,52852.42,,,1400,1400,,,,
30192,Saint Paul Teachers Pension PAC,91950,1000.0,64310.0,,Political Fund,St Paul,MN,55104,,6/4/79,,4777,pac,labor,,,,,54950,36700,18250,36000,17800,18200
30093,SEIU Healthcare Minn (fka SEIU Local 113),394938.23,297976.9,302759.2,11795.3,Political Fund,St Paul,MN,55102,,1/1/90,,3712.16,pac,labor,15008.29,15008.29,,,4400,4400,,64892.97,64892.97,
30602,SEIU Local 26 Political Fund,81852.47,66107.5,83994.1,65964.2,Political Fund,Minneapolis,MN,55414,,4/5/06,,18190.07,pac,labor,,,,,4000,4000,,11745,11745,
30037,SEIU Minn State Council Political Fund,2242378.62,627942.7,1652327.2,368079.2,Political Fund,St Paul,MN,55114,,9/5/74,,75812.52,pac,labor,109067.72,254198.91,176.16,,72345,71095,1250,1433023.18,1433023.18,
40550,Shakopee Mdewakanton Sioux,1464957,4000.0,1175000.0,,Political Committee,Prior Lake,MN,55372,,2/23/89,,17642.74,pac,indian,,,,,55475,49025,6450,1390482,1225182,165300
30588,Sheet Metal Workers PAC 10,120689.56,1624.6,57000.0,,Political Fund,Maplewood,MN,55109,,9/14/04,,2276.44,pac,labor,,,,,32325,31675,650,86740,86740,
80020,Sierra Club Political Committee,44924.72,4500.0,41329.0,,Political Fund,Minneapolis,MN,55406,,7/2/82,,2095.44,pac,issue,39339.72,91394.14,11612.96,,600,600,,125,125,
70052,SMART PAC,16500,,20400.0,,Political Committee,St Paul,MN,55117,,9/27/10 15:42,,8751,pac,biz,,,,,2000,2000,,14500,7500,7000
30120,SOF-PAC,34250,15000.0,44915.0,,Political Fund,Eagan,MN,55122,,8/4/76,,1700.36,pac,,,,,,2150,350,1800,17100,3700,13400
30637,Somali Action Alliance Political Fund,44374.96,,54575.0,10000.0,Independent Expenditure,Minneapolis,MN,55406,,10/20/10 14:16,7/11/12,0,pac,issue,44374.96,44374.96,,,,,,,,
30234,Sprinkler Fitters Local Union No 417,18369,419.0,,,Political Fund,Minneapolis,MN,55413,,4/9/84,,1064.03,pac,labor,,,,,6550,6300,250,11400,11400,
30556,St Paul Area Chamber of Commerce PAC,12616.67,11000.0,98420.0,2600.0,Political Fund,St Paul,MN,55101,,8/13/97,,7702.84,pac,biz,66.67,9579.84,11.11,,,,,1550,,1550
30154,St Paul Firefighters Local 21 Political Action Committee,32400,15400.0,32332.0,,Political Fund,St Paul,MN,55102,,3/25/80,,30237.82,pac,labor,,,,,6000,6000,,11000,10000,1000
30325,St Paul Pipefitters Local 455 PAC,114717,7377.0,47695.3,,Political Fund,St Paul,MN,55114,,8/21/90,,17364.75,pac,labor,,,,,43190,42690,500,64150,64150,
40790,St Paul Regional Labor Federation AFL-CIO (fka St Pl Trds & Lbr Asmbly PAC),49729.01,12950.1,104344.0,43735.1,Political Fund,St Paul,MN,55102,,7/8/98,,47674.73,pac,labor,1528.87,5966.98,,,5200,5200,,30050,30050,
41049,State Fund for Economic Growth LLC,200000,200000.0,250050.0,,Independent Expenditure,Wayzata,MN,55391,,8/16/10,,50,pac,biz,,,,,,,,,,
30550,Suburban School Emp Local 284 Pol Act Fund,106936.91,90976.4,35049.4,12049.4,Political Fund,South St Paul,MN,55075,,10/31/94 15:14,,21205.99,pac,labor,,,,,2750,2750,,7798,7798,
70026,Take Action PAC,116374.88,7072.0,276255.4,204345.4,Political Committee,St Paul,MN,55114,,8/6/02,,21354,pac,prodfl,92946.47,164196.47,,,1896.67,1896.67,,7022.74,7022.74,
30636,TakeAction Political Fund,389811.98,,836663.2,9500.0,Independent Expenditure,St Paul,MN,55114,,10/14/10 16:10,,73.41,pac,prodfl,38439.25,38439.25,,,,,,,,
30622,TCO Political Action Committee,25000,,18200.0,,Political Fund,St Louis Park,MN,55426,,12/5/08,,50,pac,,,,,,4200,,4200,20800,8000,12800
80023,Teamsters Local 120 DRIVE,192146,6750.0,328797.1,328797.1,Political Fund,Blaine,MN,55434,,12/4/06,,5618.7,pac,labor,,,,,32400,25600,4300,152996,152996,
30225,TRIAL-PAC,390513.17,31600.0,410213.6,38000.0,Political Fund,Minneapolis,MN,55402,,10/25/79,,10597.59,pac,lawyers,1251.3,1251.3,,,33769.8,30769.8,2500,323142.07,276267.07,46875
40810,Twin Cities Republican Assn,10200,,375.0,,Political Committee,Victoria,MN,55386-9701,TwinCitiesRepublicans.com,10/23/98,,1247.33,pac,prorpm,,,,,8900,,8150,1300,,1300
70013,TwinWest Chamber of Commerce PAC,64638.29,40820.7,77335.0,1100.0,Political Committee,Plymouth,MN,55441-8709,www.twinwestpac.com,8/8/90,,1357.52,pac,biz,9817.6,3177.53,21897.17,,5500,,5500,8500,1250,7250
30083,U A Plumbers Local #34 Political Fund,27500,1600.0,22053.5,,Political Fund,St Paul,MN,55102-1069,,10/31/74,,11854.62,pac,labor,,,,,9200,9200,,16700,16400,300
41001,UFCW Active Ballot Club,107350,,,,Political Committee,Washington,DC,20006-1598,,6/30/08,,0,pac,labor,,,,,850,850,,106500,106500,
30606,UNITE HERE TIP State and Local Fund-MN,52500,37500.0,7994955.5,,Political Fund,New York,NY,10001,,6/30/06,,776737.04,pac,labor,,,,,,,,15000,15000,
30174,United Food & Commerical Workers Council 6,73706,,24506.7,,Political Fund,Schaumburg,IL,60173-2412,,4/30/81,,21752.48,pac,labor,,,,,8806,8306,500,64900,64900,
40745,United Steelworkers District 11 Non-Federal Acct,104000,27000.0,247244.3,4734.3,Political Fund,Minneapolis,MN,55414,,2/26/96 11:03,,494,pac,labor,,,,,13450,13450,,63550,63550,
30019,UTU PAC-MN,92975,700.0,54675.1,,Political Fund,St Paul,MN,55102,,8/19/74,,1021.02,pac,labor,,,,,18375,18175,200,73900,73650,250
80005,VET-PAC of Minn,34400,200.0,740.0,,Political Fund,South St Paul,MN,55075,,11/7/84,,4980.8,pac,issue,,,,,14100,8300,5800,20100,12050,8050
41021,VOICES of Conservative Women State PAC (VOICESPAC),59204.39,3000.0,104133.9,1750.0,Political Committee,Maple Grove,MN,55311,www.voicesofconservativewomen.org,11/30/09 14:33,,7661.79,pac,prorpm,45682.67,,45682.67,,10521.72,,10521.72,,,
30191,VOTE - 66,26800,8200.0,27500.0,500.0,Political Fund,Duluth,MN,55802,,7/27/82,,27457.67,pac,labor,,,,,3250,3250,,15350,15350,
41050,Vote Racino Now Committee,121761.36,,155565.2,,Independent Expenditure,Janesville,MN,56048,,10/12/10 13:54,12/31/10,,pac,issue,121761.36,33023.86,88737.5,,,,,,,
40537,Waste Management PAC of Minn,11250,,10400.0,,Political Committee,Lakeville,MN,55044,,10/21/88,,3531.67,pac,biz,,,,,450,250,200,10800,5300,5500
30625,WIN Minnesota Political Action Fund,5697488.3,5697488.3,5737990.7,230461.9,Independent Expenditure,St Paul,MN,55104,,12/16/09 16:11,,8.01,pac,prodfl,,,,,,,,,,
30345,Winthrop & Weinstine PA Political Fund,29210.63,2400.0,41950.0,,Political Fund,Minneapolis,MN,55402-4629,,6/16/92,,3564.14,pac,biz,,,,,6130.63,3300,2400,19930,8780,11150
40268,womenwinning State PAC,59900,,535494.0,15675.0,Political Committee,St Paul,MN,55114,,1/1/90,,16527.49,pac,prodfl,4000,12218.42,,2235,55900,55900,,,,
30623,Working America Minn Political Committee,272370.42,,487875.4,304207.2,Independent Expenditure,Washington,DC,20006,workingamerica.org,9/2/09 16:18,,-500,pac,labor,272370.42,246906.42,,25464,,,,,,
30618,Working Families Fund,20893.51,7500.0,61541.9,8519.8,Political Fund,Rochester,MN,55904,,12/17/07,,29614.2,pac,,543.51,543.51,,,10500,10500,,2150,2150,
40877,Xcel Energy Employees PAC (fka Power PAC),100890,,112161.7,,Political Committee,Edina,MN,55436,,3/29/02,,4082.45,pac,biz,,,,,6425,2975,3450,94465,41265,53200
